0,1,0,1.999900001,0,-3.141592654,-3.141592654
0.01,0.99995,0.009999833,1.999600013,-0.019999667,-3.131592654,-3.131592654
0.02,0.999800007,0.019998667,1.999100067,-0.039997333,-3.121592654,-3.121592654
0.03,0.999550034,0.0299955,1.998400213,-0.059991,-3.111592654,-3.111592654
0.04,0.999200107,0.039989334,1.997500521,-0.079978668,-3.101592654,-3.101592654
0.05,0.99875026,0.049979169,1.99640108,-0.099958339,-3.091592654,-3.091592654
0.06,0.99820054,0.059964006,1.995102001,-0.119928013,-3.081592654,-3.081592654
0.07,0.997551,0.069942847,1.993603413,-0.139885695,-3.071592654,-3.071592654
0.08,0.996801706,0.079914694,1.991905466,-0.159829388,-3.061592654,-3.061592654
0.09,0.995952733,0.089878549,1.990008331,-0.179757098,-3.051592654,-3.051592654
0.1,0.995004165,0.099833417,1.987912196,-0.199666833,-3.041592654,-3.041592654
0.11,0.993956098,0.109778301,1.985617272,-0.219556602,-3.031592654,-3.031592654
0.12,0.992808636,0.119712207,1.983123787,-0.239424415,-3.021592654,-3.021592654
0.13,0.991561894,0.129634143,1.980431992,-0.259268285,-3.011592654,-3.011592654
0.14,0.990215996,0.139543115,1.977542156,-0.279086229,-3.001592654,-3.001592654
0.15,0.988771078,0.149438132,1.974454567,-0.298876265,-2.991592654,-2.991592654
0.16,0.987227283,0.159318207,1.971169534,-0.318636413,-2.981592654,-2.981592654
0.17,0.985584767,0.169182349,1.967687386,-0.338364698,-2.971592654,-2.971592654
0.18,0.983843693,0.179029573,1.96400847,-0.358059147,-2.961592654,-2.961592654
0.19,0.982004235,0.188858895,1.960133156,-0.37771779,-2.951592654,-2.951592654
0.2,0.980066578,0.198669331,1.956061829,-0.397338662,-2.941592654,-2.941592654
0.21,0.978030915,0.2084599,1.951794899,-0.4169198,-2.931592654,-2.931592654
0.22,0.975897449,0.218229623,1.94733279,-0.436459246,-2.921592654,-2.921592654
0.23,0.973666395,0.227977524,1.94267595,-0.455955047,-2.911592654,-2.911592654
0.24,0.971337975,0.237702626,1.937824843,-0.475405253,-2.901592654,-2.901592654
0.25,0.968912422,0.247403959,1.932779956,-0.494807919,-2.891592654,-2.891592654
0.26,0.966389978,0.257080552,1.927541793,-0.514161104,-2.881592654,-2.881592654
0.27,0.963770896,0.266731437,1.922110877,-0.533462873,-2.871592654,-2.871592654
0.28,0.961055438,0.276355649,1.916487751,-0.552711297,-2.861592654,-2.861592654
0.29,0.958243876,0.285952225,1.910672978,-0.57190445,-2.851592654,-2.851592654
0.3,0.955336489,0.295520207,1.90466714,-0.591040413,-2.841592654,-2.841592654
0.31,0.95233357,0.305058636,1.898470836,-0.610117273,-2.831592654,-2.831592654
0.32,0.949235418,0.314566561,1.892084687,-0.629133121,-2.821592654,-2.821592654
0.33,0.946042344,0.324043028,1.885509331,-0.648086057,-2.811592654,-2.811592654
0.34,0.942754666,0.333487092,1.878745426,-0.666974184,-2.801592654,-2.801592654
0.35,0.939372713,0.342897807,1.871793647,-0.685795615,-2.791592654,-2.791592654
0.36,0.935896824,0.352274233,1.864654691,-0.704548467,-2.781592654,-2.781592654
0.37,0.932327346,0.361615432,1.857329271,-0.723230864,-2.771592654,-2.771592654
0.38,0.928664636,0.370920469,1.84981812,-0.741840939,-2.761592654,-2.761592654
0.39,0.92490906,0.380188415,1.842121988,-0.76037683,-2.751592654,-2.751592654
0.4,0.921060994,0.389418342,1.834241646,-0.778836685,-2.741592654,-2.741592654
0.41,0.917120823,0.398609328,1.826177881,-0.797218656,-2.731592654,-2.731592654
0.42,0.91308894,0.407760453,1.817931499,-0.815520906,-2.721592654,-2.721592654
0.43,0.90896575,0.416870802,1.809503326,-0.833741605,-2.711592654,-2.711592654
0.44,0.904751663,0.425939465,1.800894205,-0.85187893,-2.701592654,-2.701592654
0.45,0.900447102,0.434965534,1.792104995,-0.869931068,-2.691592654,-2.691592654
0.46,0.896052498,0.443948107,1.783136576,-0.887896214,-2.681592654,-2.681592654
0.47,0.891568288,0.452886285,1.773989846,-0.905772571,-2.671592654,-2.671592654
0.48,0.886994923,0.461779176,1.764665717,-0.923558351,-2.661592654,-2.661592654
0.49,0.882332859,0.470625888,1.755165124,-0.941251776,-2.651592654,-2.651592654
0.5,0.877582562,0.479425539,1.745489015,-0.958851077,-2.641592654,-2.641592654
0.51,0.872744508,0.488177247,1.735638359,-0.976354494,-2.631592654,-2.631592654
0.52,0.86781918,0.496880138,1.725614141,-0.993760276,-2.621592654,-2.621592654
0.53,0.862807071,0.505533341,1.715417363,-1.011066682,-2.611592654,-2.611592654
0.54,0.857708681,0.514135992,1.705049044,-1.028271983,-2.601592654,-2.601592654
0.55,0.852524522,0.522687229,1.694510222,-1.045374458,-2.591592654,-2.591592654
0.56,0.847255111,0.531186198,1.68380195,-1.062372396,-2.581592654,-2.581592654
0.57,0.841900975,0.539632049,1.6729253,-1.079264097,-2.571592654,-2.571592654
0.58,0.83646265,0.548023937,1.661881358,-1.096047874,-2.561592654,-2.561592654
0.59,0.830940679,0.556361023,1.65067123,-1.112722046,-2.551592654,-2.551592654
0.6,0.825335615,0.564642473,1.639296036,-1.129284947,-2.541592654,-2.541592654
0.61,0.819648018,0.57286746,1.627756913,-1.14573492,-2.531592654,-2.531592654
0.62,0.813878457,0.581035161,1.616055017,-1.162070321,-2.521592654,-2.521592654
0.63,0.808027508,0.589144758,1.604191516,-1.178289516,-2.511592654,-2.511592654
0.64,0.802095758,0.597195441,1.592167597,-1.194390883,-2.501592654,-2.501592654
0.65,0.796083799,0.605186406,1.579984463,-1.210372811,-2.491592654,-2.491592654
0.66,0.789992231,0.613116852,1.567643332,-1.226233704,-2.481592654,-2.481592654
0.67,0.783821666,0.620985987,1.555145438,-1.241971974,-2.471592654,-2.471592654
0.68,0.777572719,0.628793024,1.54249203,-1.257586048,-2.461592654,-2.461592654
0.69,0.771246015,0.636537182,1.529684375,-1.273074364,-2.451592654,-2.451592654
0.7,0.764842187,0.644217687,1.516723752,-1.288435374,-2.441592654,-2.441592654
0.71,0.758361876,0.651833771,1.503611458,-1.303667542,-2.431592654,-2.431592654
0.72,0.751805729,0.659384672,1.490348805,-1.318769344,-2.421592654,-2.421592654
0.73,0.745174402,0.666869635,1.476937117,-1.33373927,-2.411592654,-2.411592654
0.74,0.738468559,0.674287912,1.463377738,-1.348575823,-2.401592654,-2.401592654
0.75,0.731688869,0.68163876,1.449672021,-1.36327752,-2.391592654,-2.391592654
0.76,0.724836011,0.688921445,1.435821339,-1.37784289,-2.381592654,-2.381592654
0.77,0.71791067,0.696135239,1.421827076,-1.392270477,-2.371592654,-2.371592654
0.78,0.710913538,0.703279419,1.407690631,-1.406558838,-2.361592654,-2.361592654
0.79,0.703845316,0.710353272,1.393413419,-1.420706545,-2.351592654,-2.351592654
0.8,0.696706709,0.717356091,1.378996866,-1.434712182,-2.341592654,-2.341592654
0.81,0.689498433,0.724287174,1.364442415,-1.448574349,-2.331592654,-2.331592654
0.82,0.682221207,0.73114583,1.34975152,-1.462291659,-2.321592654,-2.321592654
0.83,0.67487576,0.737931371,1.334925652,-1.475862742,-2.311592654,-2.311592654
0.84,0.667462826,0.74464312,1.319966292,-1.48928624,-2.301592654,-2.301592654
0.85,0.659983146,0.751280405,1.304874936,-1.50256081,-2.291592654,-2.291592654
0.86,0.652437468,0.757842563,1.289653094,-1.515685126,-2.281592654,-2.281592654
0.87,0.644826547,0.764328937,1.274302288,-1.528657874,-2.271592654,-2.271592654
0.88,0.637151144,0.770738879,1.258824053,-1.541477758,-2.261592654,-2.261592654
0.89,0.629412027,0.777071748,1.243219937,-1.554143495,-2.251592654,-2.251592654
0.9,0.621609968,0.78332691,1.227491499,-1.566653819,-2.241592654,-2.241592654
0.91,0.613745749,0.78950374,1.211640313,-1.579007479,-2.231592654,-2.231592654
0.92,0.605820157,0.79560162,1.195667965,-1.59120324,-2.221592654,-2.221592654
0.93,0.597833982,0.801619941,1.17957605,-1.603239882,-2.211592654,-2.211592654
0.94,0.589788025,0.8075581,1.163366179,-1.615116201,-2.201592654,-2.201592654
0.95,0.581683089,0.813415505,1.147039972,-1.62683101,-2.191592654,-2.191592654
0.96,0.573519986,0.819191568,1.130599062,-1.638383137,-2.181592654,-2.181592654
0.97,0.565299531,0.824885713,1.114045094,-1.649771427,-2.171592654,-2.171592654
0.98,0.557022547,0.83049737,1.097379721,-1.660994741,-2.161592654,-2.161592654
0.99,0.548689861,0.836025979,1.080604612,-1.672051957,-2.151592654,-2.151592654
1,0.540302306,0.841470985,1.063721443,-1.68294197,-2.141592654,-2.141592654
1.01,0.531860721,0.846831845,1.046731903,-1.693663689,-2.131592654,-2.131592654
1.02,0.523365951,0.852108022,1.02963769,-1.704216044,-2.121592654,-2.121592654
1.03,0.514818845,0.857298989,1.012440514,-1.714597978,-2.111592654,-2.111592654
1.04,0.506220257,0.862404227,0.995142096,-1.724808454,-2.101592654,-2.101592654
1.05,0.497571048,0.867423226,0.977744164,-1.734846451,-2.091592654,-2.091592654
1.06,0.488872082,0.872355482,0.960248458,-1.744710965,-2.081592654,-2.081592654
1.07,0.480124229,0.877200504,0.942656728,-1.754401009,-2.071592654,-2.071592654
1.08,0.471328364,0.881957807,0.924970734,-1.763915614,-2.061592654,-2.061592654
1.09,0.462485367,0.886626914,0.907192243,-1.773253829,-2.051592654,-2.051592654
1.1,0.453596121,0.89120736,0.889323033,-1.78241472,-2.041592654,-2.041592654
1.11,0.444661517,0.895698686,0.871364893,-1.791397371,-2.031592654,-2.031592654
1.12,0.435682446,0.900100442,0.853319616,-1.800200884,-2.021592654,-2.021592654
1.13,0.426659808,0.904412189,0.835189008,-1.808824379,-2.011592654,-2.011592654
1.14,0.417594504,0.908633496,0.816974882,-1.817266992,-2.001592654,-2.001592654
1.15,0.408487441,0.91276394,0.798679059,-1.825527881,-1.991592654,-1.991592654
1.16,0.399339529,0.916803109,0.780303369,-1.833606218,-1.981592654,-1.981592654
1.17,0.390151684,0.920750598,0.761849649,-1.841501195,-1.971592654,-1.971592654
1.18,0.380924824,0.924606012,0.743319745,-1.849212025,-1.961592654,-1.961592654
1.19,0.371659872,0.928368967,0.724715509,-1.856737934,-1.951592654,-1.951592654
1.2,0.362357754,0.932039086,0.706038802,-1.864078172,-1.941592654,-1.941592654
1.21,0.353019401,0.935616002,0.687291493,-1.871232003,-1.931592654,-1.931592654
1.22,0.343645746,0.939099356,0.668475454,-1.878198713,-1.921592654,-1.921592654
1.23,0.334237727,0.942488802,0.649592569,-1.884977604,-1.911592654,-1.911592654
1.24,0.324796284,0.945783999,0.630644725,-1.891567999,-1.901592654,-1.901592654
1.25,0.315322362,0.948984619,0.611633817,-1.897969239,-1.891592654,-1.891592654
1.26,0.305816908,0.952090342,0.592561746,-1.904180683,-1.881592654,-1.881592654
1.27,0.296280873,0.955100856,0.573430419,-1.910201711,-1.871592654,-1.871592654
1.28,0.28671521,0.95801586,0.55424175,-1.916031721,-1.861592654,-1.861592654
1.29,0.277120875,0.960835064,0.534997657,-1.921670128,-1.851592654,-1.851592654
1.3,0.267498829,0.963558185,0.515700065,-1.927116371,-1.841592654,-1.841592654
1.31,0.257850033,0.966184952,0.496350903,-1.932369903,-1.831592654,-1.831592654
1.32,0.248175452,0.9687151,0.476952107,-1.9374302,-1.821592654,-1.821592654
1.33,0.238476053,0.971148378,0.457505616,-1.942296756,-1.811592654,-1.811592654
1.34,0.228752808,0.973484542,0.438013374,-1.946969083,-1.801592654,-1.801592654
1.35,0.219006687,0.975723358,0.418477332,-1.951446716,-1.791592654,-1.791592654
1.36,0.209238666,0.977864602,0.398899442,-1.955729205,-1.781592654,-1.781592654
1.37,0.199449721,0.979908061,0.379281663,-1.959816123,-1.771592654,-1.771592654
1.38,0.189640831,0.98185353,0.359625955,-1.963707061,-1.761592654,-1.761592654
1.39,0.179812978,0.983700815,0.339934286,-1.96740163,-1.751592654,-1.751592654
1.4,0.169967143,0.98544973,0.320208623,-1.97089946,-1.741592654,-1.741592654
1.41,0.160104312,0.987100101,0.30045094,-1.974200202,-1.731592654,-1.731592654
1.42,0.15022547,0.988651763,0.280663212,-1.977303526,-1.721592654,-1.721592654
1.43,0.140331606,0.99010456,0.260847417,-1.980209121,-1.711592654,-1.711592654
1.44,0.130423709,0.991458348,0.241005539,-1.982916696,-1.701592654,-1.701592654
1.45,0.120502769,0.992712991,0.22113956,-1.985425982,-1.691592654,-1.691592654
1.46,0.11056978,0.993868363,0.201251467,-1.987736727,-1.681592654,-1.681592654
1.47,0.100625733,0.99492435,0.181343249,-1.9898487,-1.671592654,-1.671592654
1.48,0.090671624,0.995880845,0.161416897,-1.991761689,-1.661592654,-1.661592654
1.49,0.080708448,0.996737752,0.141474403,-1.993475504,-1.651592654,-1.651592654
1.5,0.070737202,0.997494987,0.121517762,-1.994989973,-1.641592654,-1.641592654
1.51,0.060758881,0.998152472,0.10154897,-1.996304945,-1.631592654,-1.631592654
1.52,0.050774485,0.998710144,0.081570022,-1.997420288,-1.621592654,-1.621592654
1.53,0.040785011,0.999167945,0.061582918,-1.998335891,-1.611592654,-1.611592654
1.54,0.030791459,0.999525831,0.041589656,-1.999051661,-1.601592654,-1.601592654
1.55,0.020794828,0.999783764,0.021592234,-1.999567528,-1.591592654,-1.591592654
1.56,0.010796117,0.99994172,0.001592653,-1.99988344,-1.581592654,-1.581592654
1.57,0.000796327,0.999999683,-0.018407087,-1.999999366,-1.571592654,-1.571592654
1.58,-0.009203543,0.999957646,-0.038404986,-1.999915293,-1.561592654,-1.561592654
1.59,-0.019202493,0.999815615,-0.058399045,-1.99963123,-1.551592654,-1.551592654
1.6,-0.029199522,0.999573603,-0.078387264,-1.999147206,-1.541592654,-1.541592654
1.61,-0.039193632,0.999231634,-0.098367644,-1.998463269,-1.531592654,-1.531592654
1.62,-0.049183822,0.998789743,-0.118338187,-1.997579487,-1.521592654,-1.521592654
1.63,-0.059169094,0.998247974,-0.138296897,-1.996495949,-1.511592654,-1.511592654
1.64,-0.069148449,0.997606381,-0.158241778,-1.995212763,-1.501592654,-1.501592654
1.65,-0.079120889,0.996865028,-0.178170834,-1.993730057,-1.491592654,-1.491592654
1.66,-0.089085417,0.99602399,-0.198082073,-1.99204798,-1.481592654,-1.481592654
1.67,-0.099041037,0.99508335,-0.217973504,-1.9901667,-1.471592654,-1.471592654
1.68,-0.108986752,0.994043202,-0.237843139,-1.988086404,-1.461592654,-1.461592654
1.69,-0.118921569,0.992903651,-0.257688989,-1.985807302,-1.451592654,-1.451592654
1.7,-0.128844494,0.99166481,-0.27750907,-1.983329621,-1.441592654,-1.441592654
1.71,-0.138754535,0.990326804,-0.297301401,-1.980653608,-1.431592654,-1.431592654
1.72,-0.1486507,0.988889766,-0.317064001,-1.977779532,-1.421592654,-1.421592654
1.73,-0.158532001,0.98735384,-0.336794896,-1.974707679,-1.411592654,-1.411592654
1.74,-0.168397448,0.985719179,-0.356492111,-1.971438358,-1.401592654,-1.401592654
1.75,-0.178246056,0.983985947,-0.376153678,-1.967971894,-1.391592654,-1.391592654
1.76,-0.188076839,0.982154317,-0.395777629,-1.964308634,-1.381592654,-1.381592654
1.77,-0.197888815,0.980224473,-0.415362003,-1.960448946,-1.371592654,-1.371592654
1.78,-0.207681002,0.978196607,-0.434904841,-1.956393214,-1.361592654,-1.361592654
1.79,-0.217452421,0.976070922,-0.454404189,-1.952141844,-1.351592654,-1.351592654
1.8,-0.227202095,0.973847631,-0.473858097,-1.947695262,-1.341592654,-1.341592654
1.81,-0.236929049,0.971526956,-0.49326462,-1.943053912,-1.331592654,-1.331592654
1.82,-0.24663231,0.969109129,-0.512621816,-1.938218258,-1.321592654,-1.321592654
1.83,-0.256310908,0.966594392,-0.531927751,-1.933188784,-1.311592654,-1.311592654
1.84,-0.265963876,0.963982996,-0.551180494,-1.927965992,-1.301592654,-1.301592654
1.85,-0.275590247,0.961275203,-0.570378118,-1.922550406,-1.291592654,-1.291592654
1.86,-0.285189059,0.958471283,-0.589518706,-1.916942566,-1.281592654,-1.281592654
1.87,-0.294759353,0.955571517,-0.608600342,-1.911143034,-1.271592654,-1.271592654
1.88,-0.304300171,0.952576194,-0.627621119,-1.905152389,-1.261592654,-1.261592654
1.89,-0.313810559,0.949485615,-0.646579134,-1.89897123,-1.251592654,-1.251592654
1.9,-0.323289567,0.946300088,-0.665472491,-1.892600175,-1.241592654,-1.241592654
1.91,-0.332736246,0.943019931,-0.684299302,-1.886039863,-1.231592654,-1.231592654
1.92,-0.342149651,0.939645474,-0.703057684,-1.879290947,-1.221592654,-1.221592654
1.93,-0.351528842,0.936177052,-0.72174576,-1.872354105,-1.211592654,-1.211592654
1.94,-0.36087288,0.932615014,-0.740361663,-1.865230028,-1.201592654,-1.201592654
1.95,-0.370180831,0.928959715,-0.75890353,-1.85791943,-1.191592654,-1.191592654
1.96,-0.379451765,0.925211521,-0.777369507,-1.850423042,-1.181592654,-1.181592654
1.97,-0.388684753,0.921370806,-0.795757748,-1.842741612,-1.171592654,-1.171592654
1.98,-0.397878874,0.917437955,-0.814066413,-1.834875911,-1.161592654,-1.161592654
1.99,-0.407033207,0.913413361,-0.832293673,-1.826826723,-1.151592654,-1.151592654
2,-0.416146837,0.909297427,-0.850437704,-1.818594854,-1.141592654,-1.141592654
2.01,-0.425218852,0.905090563,-0.868496692,-1.810181127,-1.131592654,-1.131592654
2.02,-0.434248346,0.900793192,-0.886468831,-1.801586383,-1.121592654,-1.121592654
2.03,-0.443234416,0.896405741,-0.904352324,-1.792811482,-1.111592654,-1.111592654
2.04,-0.452176162,0.891928651,-0.922145383,-1.783857302,-1.101592654,-1.101592654
2.05,-0.461072691,0.887362369,-0.939846227,-1.774724737,-1.091592654,-1.091592654
2.06,-0.469923114,0.882707351,-0.957453088,-1.765414702,-1.081592654,-1.081592654
2.07,-0.478726544,0.877964063,-0.974964205,-1.755928126,-1.071592654,-1.071592654
2.08,-0.487482102,0.87313298,-0.992377825,-1.746265959,-1.061592654,-1.061592654
2.09,-0.496188913,0.868214583,-1.009692209,-1.736429167,-1.051592654,-1.051592654
2.1,-0.504846105,0.863209367,-1.026905625,-1.726418733,-1.041592654,-1.041592654
2.11,-0.513452812,0.85811783,-1.04401635,-1.716235659,-1.031592654,-1.031592654
2.12,-0.522008175,0.852940482,-1.061022675,-1.705880963,-1.021592654,-1.021592654
2.13,-0.530511338,0.84767784,-1.077922899,-1.69535568,-1.011592654,-1.011592654
2.14,-0.538961449,0.842330432,-1.094715331,-1.684660863,-1.001592654,-1.001592654
2.15,-0.547357665,0.836898791,-1.111398293,-1.673797582,-0.991592654,-0.991592654
2.16,-0.555699146,0.831383461,-1.127970115,-1.662766922,-0.981592654,-0.981592654
2.17,-0.563985058,0.825784993,-1.144429142,-1.651569986,-0.971592654,-0.971592654
2.18,-0.572214571,0.820103948,-1.160773726,-1.640207895,-0.961592654,-0.961592654
2.19,-0.580386863,0.814340892,-1.177002235,-1.628681785,-0.951592654,-0.951592654
2.2,-0.588501117,0.808496404,-1.193113043,-1.616992808,-0.941592654,-0.941592654
2.21,-0.596556522,0.802571066,-1.209104542,-1.605142132,-0.931592654,-0.931592654
2.22,-0.604552271,0.796565472,-1.224975131,-1.593130944,-0.921592654,-0.921592654
2.23,-0.612487566,0.790480222,-1.240723224,-1.580960445,-0.911592654,-0.911592654
2.24,-0.620361612,0.784315925,-1.256347245,-1.56863185,-0.901592654,-0.901592654
2.25,-0.628173623,0.778073197,-1.271845633,-1.556146394,-0.891592654,-0.891592654
2.26,-0.635922817,0.771752662,-1.287216837,-1.543505324,-0.881592654,-0.881592654
2.27,-0.643608419,0.765354953,-1.302459321,-1.530709905,-0.871592654,-0.871592654
2.28,-0.651229661,0.758880708,-1.31757156,-1.517761416,-0.861592654,-0.861592654
2.29,-0.65878578,0.752330576,-1.332552043,-1.504661153,-0.851592654,-0.851592654
2.3,-0.666276021,0.745705212,-1.347399271,-1.491410424,-0.841592654,-0.841592654
2.31,-0.673699636,0.739005278,-1.362111761,-1.478010556,-0.831592654,-0.831592654
2.32,-0.681055881,0.732231444,-1.376688041,-1.464462888,-0.821592654,-0.821592654
2.33,-0.68834402,0.725384387,-1.391126653,-1.450768775,-0.811592654,-0.811592654
2.34,-0.695563326,0.718464793,-1.405426154,-1.436929586,-0.801592654,-0.801592654
2.35,-0.702713077,0.711473353,-1.419585113,-1.422946706,-0.791592654,-0.791592654
2.36,-0.709792556,0.704410766,-1.433602115,-1.408821532,-0.781592654,-0.781592654
2.37,-0.716801057,0.697277738,-1.447475757,-1.394555477,-0.771592654,-0.771592654
2.38,-0.723737879,0.690074984,-1.461204654,-1.380149967,-0.761592654,-0.761592654
2.39,-0.730602327,0.682803222,-1.474787431,-1.365606444,-0.751592654,-0.751592654
2.4,-0.737393716,0.675463181,-1.488222731,-1.350926361,-0.741592654,-0.741592654
2.41,-0.744111365,0.668055593,-1.501509209,-1.336111187,-0.731592654,-0.731592654
2.42,-0.750754605,0.660581201,-1.514645538,-1.321162403,-0.721592654,-0.721592654
2.43,-0.757322769,0.653040752,-1.527630404,-1.306081503,-0.711592654,-0.711592654
2.44,-0.763815202,0.645434998,-1.540462508,-1.290869997,-0.701592654,-0.701592654
2.45,-0.770231254,0.637764702,-1.553140567,-1.275529404,-0.691592654,-0.691592654
2.46,-0.776570284,0.63003063,-1.565663313,-1.26006126,-0.681592654,-0.681592654
2.47,-0.782831657,0.622233555,-1.578029494,-1.244467111,-0.671592654,-0.671592654
2.48,-0.789014747,0.614374258,-1.590237874,-1.228748516,-0.661592654,-0.661592654
2.49,-0.795118937,0.606453523,-1.602287231,-1.212907047,-0.651592654,-0.651592654
2.5,-0.801143616,0.598472144,-1.614176361,-1.196944288,-0.641592654,-0.641592654
2.51,-0.80708818,0.590430918,-1.625904074,-1.180861836,-0.631592654,-0.631592654
2.52,-0.812952037,0.58233065,-1.637469199,-1.164661299,-0.621592654,-0.621592654
2.53,-0.818734599,0.574172148,-1.648870577,-1.148344297,-0.611592654,-0.611592654
2.54,-0.824435289,0.56595623,-1.66010707,-1.131912461,-0.601592654,-0.601592654
2.55,-0.830053535,0.557683717,-1.671177554,-1.115367435,-0.591592654,-0.591592654
2.56,-0.835588777,0.549355436,-1.682080922,-1.098710873,-0.581592654,-0.581592654
2.57,-0.841040461,0.54097222,-1.692816082,-1.081944441,-0.571592654,-0.571592654
2.58,-0.846408041,0.532534908,-1.703381963,-1.065069815,-0.561592654,-0.561592654
2.59,-0.851690981,0.524044342,-1.713777507,-1.048088683,-0.551592654,-0.551592654
2.6,-0.856888753,0.515501372,-1.724001674,-1.031002744,-0.541592654,-0.541592654
2.61,-0.862000837,0.506906852,-1.734053443,-1.013813704,-0.531592654,-0.531592654
2.62,-0.867026721,0.498261642,-1.743931808,-0.996523285,-0.521592654,-0.521592654
2.63,-0.871965904,0.489566607,-1.753635781,-0.979133214,-0.511592654,-0.511592654
2.64,-0.87681789,0.480822615,-1.763164392,-0.96164523,-0.501592654,-0.501592654
2.65,-0.881582196,0.472030541,-1.772516688,-0.944061083,-0.491592654,-0.491592654
2.66,-0.886258344,0.463191265,-1.781691734,-0.92638253,-0.481592654,-0.481592654
2.67,-0.890845867,0.45430567,-1.790688612,-0.90861134,-0.471592654,-0.471592654
2.68,-0.895344306,0.445374645,-1.799506422,-0.890749289,-0.461592654,-0.461592654
2.69,-0.899753211,0.436399082,-1.808144284,-0.872798164,-0.451592654,-0.451592654
2.7,-0.904072142,0.42737988,-1.816601333,-0.85475976,-0.441592654,-0.441592654
2.71,-0.908300666,0.418317941,-1.824876723,-0.836635881,-0.431592654,-0.431592654
2.72,-0.912438361,0.40921417,-1.832969627,-0.818428339,-0.421592654,-0.421592654
2.73,-0.916484813,0.400069478,-1.840879235,-0.800138955,-0.411592654,-0.411592654
2.74,-0.920439618,0.390884779,-1.848604757,-0.781769558,-0.401592654,-0.401592654
2.75,-0.924302379,0.381660992,-1.85614542,-0.763321984,-0.391592654,-0.391592654
2.76,-0.92807271,0.372399039,-1.863500471,-0.744798079,-0.381592654,-0.381592654
2.77,-0.931750235,0.363099847,-1.870669172,-0.726199694,-0.371592654,-0.371592654
2.78,-0.935334586,0.353764345,-1.877650809,-0.707528691,-0.361592654,-0.361592654
2.79,-0.938825404,0.344393467,-1.884444681,-0.688786935,-0.351592654,-0.351592654
2.8,-0.942222341,0.33498815,-1.891050111,-0.6699763,-0.341592654,-0.341592654
2.81,-0.945525056,0.325549335,-1.897466438,-0.651098669,-0.331592654,-0.331592654
2.82,-0.948733219,0.316077964,-1.903693019,-0.632155928,-0.321592654,-0.321592654
2.83,-0.95184651,0.306574986,-1.909729233,-0.613149973,-0.311592654,-0.311592654
2.84,-0.954864616,0.297041351,-1.915574475,-0.594082703,-0.301592654,-0.301592654
2.85,-0.957787238,0.287478012,-1.921228162,-0.574956025,-0.291592654,-0.291592654
2.86,-0.960614081,0.277885926,-1.926689727,-0.555771852,-0.281592654,-0.281592654
2.87,-0.963344863,0.268266051,-1.931958625,-0.536532102,-0.271592654,-0.271592654
2.88,-0.965979312,0.25861935,-1.937034328,-0.517238699,-0.261592654,-0.261592654
2.89,-0.968517164,0.248946787,-1.94191633,-0.497893573,-0.251592654,-0.251592654
2.9,-0.970958165,0.239249329,-1.946604142,-0.478498658,-0.241592654,-0.241592654
2.91,-0.973302071,0.229527947,-1.951097295,-0.459055894,-0.231592654,-0.231592654
2.92,-0.975548648,0.219783612,-1.95539534,-0.439567224,-0.221592654,-0.221592654
2.93,-0.97769767,0.210017299,-1.959497847,-0.420034599,-0.211592654,-0.211592654
2.94,-0.979748924,0.200229985,-1.963404406,-0.400459969,-0.201592654,-0.201592654
2.95,-0.981702203,0.190422647,-1.967114626,-0.380845295,-0.191592654,-0.191592654
2.96,-0.983557313,0.180596268,-1.970628136,-0.361192536,-0.181592654,-0.181592654
2.97,-0.985314068,0.170751829,-1.973944585,-0.341503658,-0.171592654,-0.171592654
2.98,-0.986972293,0.160890315,-1.977063642,-0.32178063,-0.161592654,-0.161592654
2.99,-0.988531821,0.151012712,-1.979984993,-0.302025424,-0.151592654,-0.151592654
3,-0.989992497,0.141120008,-1.982708348,-0.282240016,-0.141592654,-0.141592654
3.01,-0.991354174,0.131213192,-1.985233433,-0.262426384,-0.131592654,-0.131592654
3.02,-0.992616717,0.121293255,-1.987559997,-0.24258651,-0.121592654,-0.121592654
3.03,-0.993779999,0.111361189,-1.989687807,-0.222722377,-0.111592654,-0.111592654
3.04,-0.994843903,0.101417986,-1.991616649,-0.202835973,-0.101592654,-0.101592654
3.05,-0.995808325,0.091464642,-1.993346331,-0.182929284,-0.091592654,-0.091592654
3.06,-0.996673166,0.081502152,-1.994876681,-0.163004304,-0.081592654,-0.081592654
3.07,-0.99743834,0.071531511,-1.996207544,-0.143063022,-0.071592654,-0.071592654
3.08,-0.998103772,0.061553717,-1.997338788,-0.123107435,-0.061592654,-0.061592654
3.09,-0.998669394,0.051569768,-1.998270301,-0.103139537,-0.051592654,-0.051592654
3.1,-0.99913515,0.041580662,-1.999001987,-0.083161325,-0.041592654,-0.041592654
3.11,-0.999500994,0.031587398,-1.999533775,-0.063174797,-0.031592654,-0.031592654
3.12,-0.999766888,0.021590976,-1.999865612,-0.043181951,-0.021592654,-0.021592654
3.13,-0.999932806,0.011592394,-1.999997463,-0.023184788,-0.011592654,-0.011592654
3.14,-0.999998732,0.001592653,-1.999929317,-0.003185306,-0.001592654,-0.001592654
3.15,-0.999964658,-0.008407247,-1.999661179,0.016814495,0.008407346,0.008407346
3.16,-0.99983059,-0.018406307,-1.999193077,0.036812614,0.018407346,0.018407346
3.17,-0.999596538,-0.028403526,-1.998525057,0.056807052,0.028407346,0.028407346
3.18,-0.999262529,-0.038397905,-1.997657186,0.076795809,0.038407346,0.038407346
3.19,-0.998828593,-0.048388443,-1.996589552,0.096776887,0.048407346,0.048407346
3.2,-0.998294776,-0.058374143,-1.99532226,0.116748287,0.058407346,0.058407346
3.21,-0.99766113,-0.068354006,-1.993855437,0.136708012,0.068407346,0.068407346
3.22,-0.996927718,-0.078327033,-1.99218923,0.156654067,0.078407346,0.078407346
3.23,-0.996094615,-0.088292228,-1.990323807,0.176584456,0.088407346,0.088407346
3.24,-0.995161903,-0.098248594,-1.988259352,0.196497187,0.098407346,0.098407346
3.25,-0.994129676,-0.108195135,-1.985996073,0.216390269,0.108407346,0.108407346
3.26,-0.992998037,-0.118130856,-1.983534197,0.236261712,0.118407346,0.118407346
3.27,-0.991767098,-0.128054764,-1.980873968,0.256109529,0.128407346,0.128407346
3.28,-0.990436984,-0.137965867,-1.978015654,0.275931735,0.138407346,0.138407346
3.29,-0.989007827,-0.147863174,-1.97495954,0.295726348,0.148407346,0.148407346
3.3,-0.98747977,-0.157745694,-1.971705931,0.315491388,0.158407346,0.158407346
3.31,-0.985852966,-0.16761244,-1.968255154,0.33522488,0.168407346,0.168407346
3.32,-0.984127577,-0.177462425,-1.964607553,0.35492485,0.178407346,0.178407346
3.33,-0.982303776,-0.187294664,-1.960763492,0.374589327,0.188407346,0.188407346
3.34,-0.980381746,-0.197108173,-1.956723357,0.394216346,0.198407346,0.198407346
3.35,-0.978361679,-0.206901972,-1.952487551,0.413803943,0.208407346,0.208407346
3.36,-0.976243776,-0.21667508,-1.948056498,0.433350161,0.218407346,0.218407346
3.37,-0.974028249,-0.226426522,-1.943430641,0.452853044,0.228407346,0.228407346
3.38,-0.971715321,-0.236155321,-1.938610443,0.472310641,0.238407346,0.238407346
3.39,-0.969305222,-0.245860504,-1.933596385,0.491721009,0.248407346,0.248407346
3.4,-0.966798193,-0.255541102,-1.928388969,0.511082204,0.258407346,0.258407346
3.41,-0.964194485,-0.265196146,-1.922988716,0.530392292,0.268407346,0.268407346
3.42,-0.961494358,-0.27482467,-1.917396166,0.549649341,0.278407346,0.278407346
3.43,-0.958698083,-0.284425713,-1.911611877,0.568851425,0.288407346,0.288407346
3.44,-0.955805939,-0.293998312,-1.905636429,0.587996625,0.298407346,0.298407346
3.45,-0.952818215,-0.303541513,-1.899470419,0.607083025,0.308407346,0.308407346
3.46,-0.94973521,-0.313054359,-1.893114464,0.626108718,0.318407346,0.318407346
3.47,-0.946557232,-0.3225359,-1.886569198,0.645071801,0.328407346,0.328407346
3.48,-0.943284599,-0.331985188,-1.879835277,0.663970376,0.338407346,0.338407346
3.49,-0.939917639,-0.341401278,-1.872913375,0.682802556,0.348407346,0.348407346
3.5,-0.936456687,-0.350783228,-1.865804182,0.701566455,0.358407346,0.358407346
3.51,-0.932902091,-0.360130099,-1.858508411,0.720260199,0.368407346,0.368407346
3.52,-0.929254205,-0.369440959,-1.85102679,0.738881917,0.378407346,0.378407346
3.53,-0.925513395,-0.378714874,-1.843360068,0.757429748,0.388407346,0.388407346
3.54,-0.921680034,-0.387950918,-1.835509012,0.775901836,0.398407346,0.398407346
3.55,-0.917754506,-0.397148167,-1.827474406,0.794296335,0.408407346,0.408407346
3.56,-0.913737203,-0.406305702,-1.819257055,0.812611404,0.418407346,0.418407346
3.57,-0.909628527,-0.415422607,-1.810857779,0.830845214,0.428407346,0.428407346
3.58,-0.905428889,-0.424497969,-1.802277419,0.848995939,0.438407346,0.438407346
3.59,-0.901138709,-0.433530883,-1.793516833,0.867061766,0.448407346,0.448407346
3.6,-0.896758416,-0.442520443,-1.784576896,0.885040887,0.458407346,0.458407346
3.61,-0.892288448,-0.451465752,-1.775458504,0.902931504,0.468407346,0.468407346
3.62,-0.887729252,-0.460365915,-1.766162567,0.92073183,0.478407346,0.478407346
3.63,-0.883081283,-0.469220041,-1.756690015,0.938440083,0.488407346,0.488407346
3.64,-0.878345007,-0.478027246,-1.747041795,0.956054492,0.498407346,0.498407346
3.65,-0.873520898,-0.486786649,-1.737218873,0.973573297,0.508407346,0.508407346
3.66,-0.868609437,-0.495497373,-1.727222231,0.990994746,0.518407346,0.518407346
3.67,-0.863611115,-0.504158548,-1.717052867,1.008317096,0.528407346,0.528407346
3.68,-0.858526434,-0.512769307,-1.7067118,1.025538615,0.538407346,0.538407346
3.69,-0.8533559,-0.52132879,-1.696200063,1.042657581,0.548407346,0.548407346
3.7,-0.848100032,-0.529836141,-1.685518708,1.059672282,0.558407346,0.558407346
3.71,-0.842759354,-0.538290508,-1.674668802,1.076581017,0.568407346,0.568407346
3.72,-0.837334401,-0.546691047,-1.66365143,1.093382094,0.578407346,0.578407346
3.73,-0.831825715,-0.555036917,-1.652467695,1.110073834,0.588407346,0.588407346
3.74,-0.826233848,-0.563327284,-1.641118715,1.126654568,0.598407346,0.598407346
3.75,-0.820559357,-0.571561319,-1.629605624,1.143122637,0.608407346,0.608407346
3.76,-0.814802812,-0.579738198,-1.617929573,1.159476395,0.618407346,0.618407346
3.77,-0.808964787,-0.587857103,-1.606091731,1.175714207,0.628407346,0.628407346
3.78,-0.803045866,-0.595917224,-1.594093282,1.191834448,0.638407346,0.638407346
3.79,-0.797046641,-0.603917753,-1.581935424,1.207835506,0.648407346,0.648407346
3.8,-0.790967712,-0.611857891,-1.569619374,1.223715782,0.658407346,0.658407346
3.81,-0.784809687,-0.619736844,-1.557146363,1.239473687,0.668407346,0.668407346
3.82,-0.778573182,-0.627553823,-1.544517639,1.255107646,0.678407346,0.678407346
3.83,-0.77225882,-0.635308048,-1.531734465,1.270616095,0.688407346,0.688407346
3.84,-0.765867232,-0.642998742,-1.518798118,1.285997484,0.698407346,0.698407346
3.85,-0.759399059,-0.650625137,-1.505709893,1.301250274,0.708407346,0.708407346
3.86,-0.752854947,-0.65818647,-1.492471098,1.31637294,0.718407346,0.718407346
3.87,-0.746235549,-0.665681985,-1.479083058,1.33136397,0.728407346,0.728407346
3.88,-0.739541529,-0.673110932,-1.46554711,1.346221865,0.738407346,0.738407346
3.89,-0.732773555,-0.680472569,-1.451864608,1.360945138,0.748407346,0.748407346
3.9,-0.725932304,-0.687766159,-1.438036922,1.375532318,0.758407346,0.758407346
3.91,-0.719018461,-0.694990973,-1.424065433,1.389981946,0.768407346,0.768407346
3.92,-0.712032716,-0.702146289,-1.409951538,1.404292577,0.778407346,0.778407346
3.93,-0.704975769,-0.70923139,-1.39569665,1.41846278,0.788407346,0.788407346
3.94,-0.697848325,-0.716245569,-1.381302193,1.432491138,0.798407346,0.798407346
3.95,-0.690651097,-0.723188124,-1.366769607,1.446376248,0.808407346,0.808407346
3.96,-0.683384804,-0.730058361,-1.352100345,1.460116722,0.818407346,0.818407346
3.97,-0.676050173,-0.736855592,-1.337295875,1.473711185,0.828407346,0.828407346
3.98,-0.668647937,-0.743579139,-1.322357676,1.487158278,0.838407346,0.838407346
3.99,-0.661178838,-0.750228328,-1.307287242,1.500456656,0.848407346,0.848407346
4,-0.653643621,-0.756802495,-1.29208608,1.513604991,0.858407346,0.858407346
4.01,-0.64604304,-0.763300983,-1.276755711,1.526601966,0.868407346,0.868407346
4.02,-0.638377856,-0.769723141,-1.261297668,1.539446282,0.878407346,0.878407346
4.03,-0.630648834,-0.776068327,-1.245713496,1.552136654,0.888407346,0.888407346
4.04,-0.622856748,-0.782335907,-1.230004753,1.564671814,0.898407346,0.898407346
4.05,-0.615002377,-0.788525254,-1.214173011,1.577050509,0.908407346,0.908407346
4.06,-0.607086506,-0.79463575,-1.198219853,1.5892715,0.918407346,0.918407346
4.07,-0.599109926,-0.800666782,-1.182146874,1.601333564,0.928407346,0.928407346
4.08,-0.591073437,-0.806617749,-1.165955681,1.613235497,0.938407346,0.938407346
4.09,-0.58297784,-0.812488054,-1.149647893,1.624976108,0.948407346,0.948407346
4.1,-0.574823947,-0.818277111,-1.133225142,1.636554222,0.958407346,0.958407346
4.11,-0.566612571,-0.823984341,-1.116689069,1.647968682,0.968407346,0.968407346
4.12,-0.558344534,-0.829609174,-1.100041328,1.659218347,0.978407346,0.978407346
4.13,-0.550020664,-0.835151046,-1.083283584,1.670302092,0.988407346,0.988407346
4.14,-0.541641792,-0.840609404,-1.066417512,1.681218807,0.998407346,0.998407346
4.15,-0.533208756,-0.845983701,-1.0494448,1.691967402,1.008407346,1.008407346
4.16,-0.5247224,-0.851273401,-1.032367144,1.702546802,1.018407346,1.018407346
4.17,-0.516183572,-0.856477974,-1.015186252,1.712955948,1.028407346,1.028407346
4.18,-0.507593126,-0.8615969,-0.997903842,1.723193801,1.038407346,1.038407346
4.19,-0.498951921,-0.866629667,-0.980521643,1.733259335,1.048407346,1.048407346
4.2,-0.490260821,-0.871575772,-0.963041392,1.743151545,1.058407346,1.058407346
4.21,-0.481520696,-0.87643472,-0.945464838,1.752869441,1.068407346,1.068407346
4.22,-0.472732419,-0.881206026,-0.927793739,1.762412052,1.078407346,1.078407346
4.23,-0.463896869,-0.885889211,-0.91002986,1.771778423,1.088407346,1.088407346
4.24,-0.45501493,-0.890483809,-0.89217498,1.780967617,1.098407346,1.098407346
4.25,-0.44608749,-0.894989358,-0.874230883,1.789978716,1.108407346,1.108407346
4.26,-0.437115441,-0.89940541,-0.856199363,1.798810819,1.118407346,1.118407346
4.27,-0.428099682,-0.903731521,-0.838082224,1.807463043,1.128407346,1.128407346
4.28,-0.419041112,-0.907967261,-0.819881278,1.815934521,1.138407346,1.138407346
4.29,-0.409940639,-0.912112204,-0.801598344,1.824224408,1.148407346,1.148407346
4.3,-0.400799172,-0.916165937,-0.783235251,1.832331873,1.158407346,1.158407346
4.31,-0.391617626,-0.920128054,-0.764793835,1.840256108,1.168407346,1.168407346
4.32,-0.382396918,-0.923998159,-0.746275941,1.847996317,1.178407346,1.178407346
4.33,-0.37313797,-0.927775865,-0.727683419,1.855551729,1.188407346,1.188407346
4.34,-0.36384171,-0.931460794,-0.70901813,1.862921588,1.198407346,1.198407346
4.35,-0.354509065,-0.935052578,-0.69028194,1.870105155,1.208407346,1.208407346
4.36,-0.34514097,-0.938550857,-0.671476722,1.877101714,1.218407346,1.218407346
4.37,-0.335738361,-0.941955282,-0.652604356,1.883910564,1.228407346,1.228407346
4.38,-0.326302178,-0.945265512,-0.633666731,1.890531024,1.238407346,1.238407346
4.39,-0.316833366,-0.948481217,-0.61466574,1.896962433,1.248407346,1.248407346
4.4,-0.30733287,-0.951602074,-0.595603283,1.903204148,1.258407346,1.258407346
4.41,-0.297801641,-0.954627772,-0.576481266,1.909255543,1.268407346,1.268407346
4.42,-0.288240633,-0.957558007,-0.557301601,1.915116015,1.278407346,1.278407346
4.43,-0.2786508,-0.960392488,-0.538066206,1.920784976,1.288407346,1.288407346
4.44,-0.269033103,-0.963130931,-0.518777006,1.926261861,1.298407346,1.298407346
4.45,-0.259388503,-0.965773061,-0.499435928,1.931546121,1.308407346,1.308407346
4.46,-0.249717964,-0.968318614,-0.480044907,1.936637228,1.318407346,1.318407346
4.47,-0.240022453,-0.970767337,-0.460605881,1.941534673,1.328407346,1.328407346
4.48,-0.230302941,-0.973118983,-0.441120796,1.946237966,1.338407346,1.338407346
4.49,-0.220560398,-0.975373319,-0.421591599,1.950746637,1.348407346,1.348407346
4.5,-0.210795799,-0.977530118,-0.402020243,1.955060235,1.358407346,1.358407346
4.51,-0.201010121,-0.979589164,-0.382408685,1.959178329,1.368407346,1.368407346
4.52,-0.191204343,-0.981550253,-0.362758887,1.963100506,1.378407346,1.378407346
4.53,-0.181379444,-0.983413188,-0.343072813,1.966826375,1.388407346,1.388407346
4.54,-0.171536407,-0.985177782,-0.323352433,1.970355563,1.398407346,1.398407346
4.55,-0.161676216,-0.986843859,-0.303599717,1.973687717,1.408407346,1.408407346
4.56,-0.151799858,-0.988411252,-0.283816642,1.976822504,1.418407346,1.418407346
4.57,-0.141908321,-0.989879805,-0.264005185,1.97975961,1.428407346,1.428407346
4.58,-0.132002592,-0.991249371,-0.244167328,1.982498742,1.438407346,1.438407346
4.59,-0.122083664,-0.992519813,-0.224305054,1.985039626,1.448407346,1.448407346
4.6,-0.112152527,-0.993691004,-0.20442035,1.987382007,1.458407346,1.458407346
4.61,-0.102210175,-0.994762826,-0.184515204,1.989525652,1.468407346,1.468407346
4.62,-0.092257602,-0.995735173,-0.164591607,1.991470346,1.478407346,1.478407346
4.63,-0.082295803,-0.996607947,-0.144651551,1.993215895,1.488407346,1.488407346
4.64,-0.072325775,-0.997381062,-0.124697029,1.994762123,1.498407346,1.498407346
4.65,-0.062348515,-0.998054439,-0.104730038,1.996108878,1.508407346,1.508407346
4.66,-0.052365019,-0.998628011,-0.084752575,1.997256022,1.518407346,1.518407346
4.67,-0.042376287,-0.999101722,-0.064766636,1.998203443,1.528407346,1.528407346
4.68,-0.032383318,-0.999475523,-0.04477422,1.998951046,1.538407346,1.538407346
4.69,-0.02238711,-0.999749377,-0.024777327,1.999498754,1.548407346,1.548407346
4.7,-0.012388663,-0.999923258,-0.004777956,1.999846515,1.558407346,1.558407346
4.71,-0.002388978,-0.999997146,0.015221892,1.999994293,1.568407346,1.568407346
4.72,0.007610946,-0.999971036,0.035220219,1.999942073,1.578407346,1.578407346
4.73,0.017610109,-0.99984493,0.055215023,1.99968986,1.588407346,1.588407346
4.74,0.027607511,-0.99961884,0.075204306,1.99923768,1.598407346,1.598407346
4.75,0.037602153,-0.999292789,0.095186068,1.998585578,1.608407346,1.608407346
4.76,0.047593034,-0.998866809,0.115158312,1.997733619,1.618407346,1.618407346
4.77,0.057579156,-0.998340944,0.13511904,1.996681888,1.628407346,1.628407346
4.78,0.06755952,-0.997715246,0.155066257,1.995430491,1.638407346,1.638407346
4.79,0.077533128,-0.996989776,0.174997967,1.993979553,1.648407346,1.648407346
4.8,0.087498983,-0.996164609,0.194912177,1.992329218,1.658407346,1.658407346
4.81,0.097456089,-0.995239826,0.214806896,1.990479652,1.668407346,1.668407346
4.82,0.107403448,-0.99421552,0.234680135,1.988431039,1.678407346,1.678407346
4.83,0.117340068,-0.993091793,0.254529906,1.986183585,1.688407346,1.688407346
4.84,0.127264953,-0.991868757,0.274354224,1.983737515,1.698407346,1.698407346
4.85,0.137177112,-0.990546536,0.294151107,1.981093072,1.708407346,1.708407346
4.86,0.147075554,-0.989125261,0.313918575,1.978250522,1.718407346,1.718407346
4.87,0.156959288,-0.987605074,0.333654652,1.975210148,1.728407346,1.728407346
4.88,0.166827326,-0.985986127,0.353357363,1.971972255,1.738407346,1.738407346
4.89,0.176678681,-0.984268583,0.373024739,1.968537166,1.748407346,1.748407346
4.9,0.186512369,-0.982452613,0.392654813,1.964905225,1.758407346,1.758407346
4.91,0.196327406,-0.980538398,0.412245621,1.961076796,1.768407346,1.768407346
4.92,0.206122811,-0.97852613,0.431795205,1.95705226,1.778407346,1.778407346
4.93,0.215897603,-0.97641601,0.451301611,1.952832021,1.788407346,1.788407346
4.94,0.225650805,-0.97420825,0.470762886,1.9484165,1.798407346,1.798407346
4.95,0.235381443,-0.971903069,0.490177085,1.943806139,1.808407346,1.808407346
4.96,0.245088543,-0.969500699,0.509542268,1.939001399,1.818407346,1.818407346
4.97,0.254771134,-0.96700138,0.528856496,1.93400276,1.828407346,1.828407346
4.98,0.264428248,-0.964405362,0.548117839,1.928810723,1.838407346,1.838407346
4.99,0.27405892,-0.961712903,0.567324371,1.923425807,1.848407346,1.848407346
5,0.283662185,-0.958924275,0.586474171,1.917848549,1.858407346,1.858407346
5.01,0.293237085,-0.956039754,0.605565324,1.912079509,1.868407346,1.868407346
5.02,0.302782662,-0.953059631,0.624595921,1.906119261,1.878407346,1.878407346
5.03,0.31229796,-0.949984202,0.643564058,1.899968404,1.888407346,1.888407346
5.04,0.321782029,-0.946813776,0.66246784,1.893627551,1.898407346,1.898407346
5.05,0.33123392,-0.943548669,0.681305376,1.887097337,1.908407346,1.908407346
5.06,0.340652688,-0.940189208,0.700074782,1.880378415,1.918407346,1.918407346
5.07,0.350037391,-0.936735728,0.718774181,1.873471457,1.928407346,1.928407346
5.08,0.35938709,-0.933188576,0.737401703,1.866377153,1.938407346,1.938407346
5.09,0.368700851,-0.929548106,0.755955485,1.859096213,1.948407346,1.948407346
5.1,0.377977743,-0.925814682,0.774433673,1.851629365,1.958407346,1.958407346
5.11,0.387216837,-0.921988678,0.792834418,1.843977355,1.968407346,1.968407346
5.12,0.396417209,-0.918070475,0.81115588,1.836140949,1.978407346,1.978407346
5.13,0.40557794,-0.914060466,0.829396227,1.828120931,1.988407346,1.988407346
5.14,0.414698114,-0.909959051,0.847553635,1.819918102,1.998407346,1.998407346
5.15,0.423776818,-0.905766641,0.865626289,1.811533283,2.008407346,2.008407346
5.16,0.432813144,-0.901483656,0.883612381,1.802967312,2.018407346,2.018407346
5.17,0.44180619,-0.897110523,0.901510112,1.794221046,2.028407346,2.028407346
5.18,0.450755056,-0.892647679,0.919317693,1.785295359,2.038407346,2.038407346
5.19,0.459658846,-0.888095572,0.937033343,1.776191144,2.048407346,2.048407346
5.2,0.468516671,-0.883454656,0.95465529,1.766909311,2.058407346,2.058407346
5.21,0.477327645,-0.878725395,0.972181773,1.757450789,2.068407346,2.068407346
5.22,0.486090886,-0.873908262,0.989611038,1.747816524,2.078407346,2.078407346
5.23,0.494805519,-0.869003739,1.006941343,1.738007478,2.088407346,2.088407346
5.24,0.503470671,-0.864012316,1.024170954,1.728024633,2.098407346,2.098407346
5.25,0.512085477,-0.858934493,1.04129815,1.717868987,2.108407346,2.108407346
5.26,0.520649075,-0.853770778,1.058321216,1.707541555,2.118407346,2.118407346
5.27,0.529160608,-0.848521685,1.075238452,1.697043371,2.128407346,2.128407346
5.28,0.537619226,-0.843187742,1.092048164,1.686375484,2.138407346,2.138407346
5.29,0.546024082,-0.83776948,1.108748672,1.67553896,2.148407346,2.148407346
5.3,0.554374336,-0.832267442,1.125338307,1.664534884,2.158407346,2.158407346
5.31,0.562669153,-0.826682178,1.141815408,1.653364356,2.168407346,2.168407346
5.32,0.570907704,-0.821014247,1.158178329,1.642028493,2.178407346,2.178407346
5.33,0.579089165,-0.815264214,1.174425433,1.630528429,2.188407346,2.188407346
5.34,0.587212717,-0.809432656,1.190555096,1.618865313,2.198407346,2.198407346
5.35,0.595277548,-0.803520156,1.206565704,1.607040312,2.208407346,2.208407346
5.36,0.603282852,-0.797527304,1.222455656,1.595054608,2.218407346,2.218407346
5.37,0.611227828,-0.7914547,1.238223364,1.5829094,2.228407346,2.228407346
5.38,0.619111682,-0.785302951,1.253867251,1.570605902,2.238407346,2.238407346
5.39,0.626933625,-0.779072673,1.269385752,1.558145345,2.248407346,2.248407346
5.4,0.634692876,-0.772764488,1.284777315,1.545528975,2.258407346,2.258407346
5.41,0.642388658,-0.766379027,1.300040402,1.532758053,2.268407346,2.268407346
5.42,0.650020201,-0.759916929,1.315173486,1.519833857,2.278407346,2.278407346
5.43,0.657586743,-0.753378839,1.330175053,1.506757679,2.288407346,2.288407346
5.44,0.665087527,-0.746765413,1.345043604,1.493530826,2.298407346,2.298407346
5.45,0.672521802,-0.74007731,1.359777652,1.480154621,2.308407346,2.308407346
5.46,0.679888826,-0.733315201,1.374375724,1.466630402,2.318407346,2.318407346
5.47,0.687187862,-0.726479761,1.388836359,1.452959521,2.328407346,2.328407346
5.48,0.694418179,-0.719571673,1.403158111,1.439143346,2.338407346,2.338407346
5.49,0.701579055,-0.712591628,1.417339549,1.425183257,2.348407346,2.348407346
5.5,0.708669774,-0.705540326,1.431379254,1.411080651,2.358407346,2.358407346
5.51,0.715689627,-0.698418469,1.445275822,1.396836938,2.368407346,2.368407346
5.52,0.722637911,-0.691226772,1.459027864,1.382453543,2.378407346,2.378407346
5.53,0.729513932,-0.683965952,1.472634004,1.367931904,2.388407346,2.388407346
5.54,0.736317002,-0.676636736,1.486092882,1.353273472,2.398407346,2.398407346
5.55,0.743046441,-0.669239857,1.499403152,1.338479715,2.408407346,2.408407346
5.56,0.749701576,-0.661776055,1.512563483,1.32355211,2.418407346,2.418407346
5.57,0.756281741,-0.654246076,1.525572559,1.308492151,2.428407346,2.428407346
5.58,0.762786279,-0.646650672,1.538429079,1.293301345,2.438407346,2.438407346
5.59,0.769214539,-0.638990604,1.551131757,1.277981209,2.448407346,2.448407346
5.6,0.775565879,-0.631266638,1.563679323,1.262533276,2.458407346,2.458407346
5.61,0.781839662,-0.623479545,1.576070523,1.246959091,2.468407346,2.468407346
5.62,0.788035262,-0.615630105,1.588304117,1.231260211,2.478407346,2.478407346
5.63,0.794152059,-0.607719103,1.600378882,1.215438205,2.488407346,2.488407346
5.64,0.800189441,-0.599747329,1.612293611,1.199494658,2.498407346,2.498407346
5.65,0.806146805,-0.591715581,1.624047111,1.183431161,2.508407346,2.508407346
5.66,0.812023555,-0.583624661,1.635638208,1.167249323,2.518407346,2.518407346
5.67,0.817819104,-0.57547538,1.647065742,1.15095076,2.528407346,2.528407346
5.68,0.823532871,-0.567268552,1.658328572,1.134537104,2.538407346,2.538407346
5.69,0.829164286,-0.559004997,1.66942557,1.118009995,2.548407346,2.548407346
5.7,0.834712785,-0.550685543,1.680355626,1.101371085,2.558407346,2.558407346
5.71,0.840177813,-0.54231102,1.691117649,1.08462204,2.568407346,2.568407346
5.72,0.845558824,-0.533882266,1.701710561,1.067764533,2.578407346,2.578407346
5.73,0.850855281,-0.525400125,1.712133304,1.05080025,2.588407346,2.588407346
5.74,0.856066652,-0.516865444,1.722384834,1.033730889,2.598407346,2.598407346
5.75,0.861192417,-0.508279077,1.732464128,1.016558155,2.608407346,2.608407346
5.76,0.866232064,-0.499641883,1.742370177,0.999283766,2.618407346,2.618407346
5.77,0.871185088,-0.490954725,1.75210199,0.98190945,2.628407346,2.628407346
5.78,0.876050995,-0.482218472,1.761658594,0.964436943,2.638407346,2.638407346
5.79,0.880829297,-0.473433997,1.771039034,0.946867994,2.648407346,2.648407346
5.8,0.885519517,-0.464602179,1.780242371,0.929204359,2.658407346,2.658407346
5.81,0.890121186,-0.455723902,1.789267686,0.911447804,2.668407346,2.668407346
5.82,0.894633843,-0.446800052,1.798114076,0.893600105,2.678407346,2.678407346
5.83,0.899057038,-0.437831523,1.806780655,0.875663047,2.688407346,2.688407346
5.84,0.903390328,-0.428819211,1.815266558,0.857638423,2.698407346,2.698407346
5.85,0.907633279,-0.419764018,1.823570936,0.839528036,2.708407346,2.708407346
5.86,0.911785468,-0.410666848,1.831692958,0.821333697,2.718407346,2.718407346
5.87,0.915846479,-0.401528612,1.839631813,0.803057225,2.728407346,2.728407346
5.88,0.919815906,-0.392350224,1.847386706,0.784700448,2.738407346,2.738407346
5.89,0.923693353,-0.383132601,1.854956861,0.766265202,2.748407346,2.748407346
5.9,0.927478431,-0.373876665,1.862341523,0.74775333,2.758407346,2.758407346
5.91,0.931170762,-0.364583341,1.869539952,0.729166683,2.768407346,2.768407346
5.92,0.934769976,-0.35525356,1.876551429,0.71050712,2.778407346,2.778407346
5.93,0.938275714,-0.345888253,1.883375252,0.691776507,2.788407346,2.788407346
5.94,0.941687626,-0.336488358,1.890010739,0.672976717,2.798407346,2.798407346
5.95,0.945005369,-0.327054815,1.896457226,0.65410963,2.808407346,2.808407346
5.96,0.948228613,-0.317588566,1.90271407,0.635177132,2.818407346,2.818407346
5.97,0.951357035,-0.308090559,1.908780643,0.616181117,2.828407346,2.828407346
5.98,0.954390322,-0.298561742,1.91465634,0.597123485,2.838407346,2.838407346
5.99,0.95732817,-0.28900307,1.920340573,0.578006141,2.848407346,2.848407346
6,0.960170287,-0.279415498,1.925832774,0.558830996,2.858407346,2.858407346
6.01,0.962916387,-0.269799985,1.931132393,0.539599969,2.868407346,2.868407346
6.02,0.965566196,-0.260157491,1.9362389,0.520314983,2.878407346,2.878407346
6.03,0.96811945,-0.250488983,1.941151785,0.500977965,2.888407346,2.888407346
6.04,0.970575893,-0.240795425,1.945870557,0.48159085,2.898407346,2.898407346
6.05,0.972935278,-0.231077788,1.950394743,0.462155577,2.908407346,2.908407346
6.06,0.975197371,-0.221337044,1.954723891,0.442674088,2.918407346,2.918407346
6.07,0.977361945,-0.211574166,1.958857568,0.423148332,2.928407346,2.928407346
6.08,0.979428784,-0.201790131,1.962795361,0.403580262,2.938407346,2.938407346
6.09,0.981397681,-0.191985917,1.966536877,0.383971833,2.948407346,2.948407346
6.1,0.983268438,-0.182162504,1.97008174,0.364325009,2.958407346,2.958407346
6.11,0.98504087,-0.172320876,1.973429597,0.344641751,2.968407346,2.968407346
6.12,0.986714799,-0.162462015,1.976580113,0.32492403,2.978407346,2.978407346
6.13,0.988290056,-0.152586909,1.979532972,0.305173817,2.988407346,2.988407346
6.14,0.989766486,-0.142696544,1.982287879,0.285393087,2.998407346,2.998407346
6.15,0.99114394,-0.132791909,1.984844559,0.265583818,3.008407346,3.008407346
6.16,0.99242228,-0.122873995,1.987202757,0.24574799,3.018407346,3.018407346
6.17,0.993601379,-0.112943794,1.989362236,0.225887588,3.028407346,3.028407346
6.18,0.994681118,-0.103002299,1.99132278,0.206004597,3.038407346,3.038407346
6.19,0.99566139,-0.093050503,1.993084194,0.186101007,3.048407346,3.048407346
6.2,0.996542097,-0.083089403,1.994646301,0.166178806,3.058407346,3.058407346
6.21,0.997323151,-0.073119994,1.996008945,0.146239987,3.068407346,3.068407346
6.22,0.998004473,-0.063143272,1.99717199,0.126286544,3.078407346,3.078407346
6.23,0.998585995,-0.053160237,1.998135319,0.106320473,3.088407346,3.088407346
6.24,0.99906766,-0.043171885,1.998898836,0.08634377,3.098407346,3.098407346
6.25,0.999449418,-0.033179217,1.999462466,0.066358433,3.108407346,3.108407346
6.26,0.999731233,-0.02318323,1.99982615,0.04636646,3.118407346,3.118407346
6.27,0.999913075,-0.013184925,1.999989854,0.02636985,3.128407346,3.128407346
6.28,0.999994927,-0.003185302,1.99995356,0.006370604,3.138407346,3.138407346
6.29,0.99997678,0.00681464,1.999717273,-0.01362928,3.148407346,3.148407346
6.3,0.999858636,0.0168139,1.999281015,-0.033627801,3.158407346,3.158407346
6.31,0.999640508,0.02681148,1.998644831,-0.053622959,3.168407346,3.168407346
6.32,0.999322416,0.036806377,1.997808785,-0.073612755,3.178407346,3.178407346
6.33,0.998904392,0.046797595,1.996772959,-0.093595189,3.188407346,3.188407346
6.34,0.998386479,0.056784132,1.995537457,-0.113568265,3.198407346,3.198407346
6.35,0.997768729,0.066764992,1.994102404,-0.133529983,3.208407346,3.208407346
6.36,0.997051202,0.076739174,1.992467942,-0.153478349,3.218407346,3.218407346
6.37,0.996233971,0.086705683,1.990634234,-0.173411366,3.228407346,3.228407346
6.38,0.995317117,0.096663522,1.988601465,-0.193327043,3.238407346,3.238407346
6.39,0.994300733,0.106611694,1.986369838,-0.213223388,3.248407346,3.248407346
6.4,0.993184919,0.116549205,1.983939575,-0.23309841,3.258407346,3.258407346
6.41,0.991969787,0.126475061,1.981310919,-0.252950122,3.268407346,3.268407346
6.42,0.99065546,0.13638827,1.978484135,-0.27277654,3.278407346,3.278407346
6.43,0.989242067,0.14628784,1.975459503,-0.29257568,3.288407346,3.288407346
6.44,0.987729752,0.156172782,1.972237328,-0.312345563,3.298407346,3.298407346
6.45,0.986118664,0.166042106,1.96881793,-0.332084212,3.308407346,3.308407346
6.46,0.984408965,0.175894826,1.965201652,-0.351789652,3.318407346,3.318407346
6.47,0.982600826,0.185729957,1.961388855,-0.371459914,3.328407346,3.328407346
6.48,0.980694428,0.195546515,1.957379922,-0.39109303,3.338407346,3.338407346
6.49,0.978689961,0.205343519,1.953175251,-0.410687037,3.348407346,3.348407346
6.5,0.976587626,0.215119988,1.948775265,-0.430239976,3.358407346,3.358407346
6.51,0.974387633,0.224874946,1.944180404,-0.449749891,3.368407346,3.368407346
6.52,0.972090202,0.234607416,1.939391125,-0.469214832,3.378407346,3.378407346
6.53,0.969695563,0.244316426,1.934407909,-0.488632851,3.388407346,3.388407346
6.54,0.967203955,0.254001004,1.929231254,-0.508002008,3.398407346,3.398407346
6.55,0.964615627,0.263660182,1.923861678,-0.527320365,3.408407346,3.408407346
6.56,0.961930839,0.273292995,1.918299717,-0.54658599,3.418407346,3.418407346
6.57,0.959149858,0.282898479,1.912545927,-0.565796957,3.428407346,3.428407346
6.58,0.956272964,0.292475672,1.906600885,-0.584951345,3.438407346,3.438407346
6.59,0.953300442,0.302023619,1.900465184,-0.604047238,3.448407346,3.448407346
6.6,0.950232592,0.311541364,1.894139438,-0.623082727,3.458407346,3.458407346
6.61,0.947069719,0.321027954,1.88762428,-0.642055908,3.468407346,3.468407346
6.62,0.94381214,0.330482442,1.880920361,-0.660964884,3.478407346,3.478407346
6.63,0.94046018,0.339903882,1.874028351,-0.679807765,3.488407346,3.488407346
6.64,0.937014176,0.349291332,1.86694894,-0.698582665,3.498407346,3.498407346
6.65,0.93347447,0.358643853,1.859682836,-0.717287707,3.508407346,3.508407346
6.66,0.929841418,0.367960511,1.852230765,-0.735921021,3.518407346,3.518407346
6.67,0.926115383,0.377240372,1.844593473,-0.754480744,3.528407346,3.528407346
6.68,0.922296736,0.38648251,1.836771722,-0.772965019,3.538407346,3.538407346
6.69,0.918385861,0.395685999,1.828766296,-0.791371998,3.548407346,3.548407346
6.7,0.914383148,0.404849921,1.820577995,-0.809699841,3.558407346,3.558407346
6.71,0.910288998,0.413973357,1.812207638,-0.827946715,3.568407346,3.568407346
6.72,0.906103819,0.423055397,1.803656062,-0.846110794,3.578407346,3.578407346
6.73,0.901828031,0.432095132,1.794924121,-0.864190263,3.588407346,3.588407346
6.74,0.89746206,0.441091657,1.786012689,-0.882183314,3.598407346,3.598407346
6.75,0.893006345,0.450044074,1.776922658,-0.900088148,3.608407346,3.608407346
6.76,0.888461329,0.458951486,1.767654936,-0.917902973,3.618407346,3.618407346
6.77,0.883827468,0.467813004,1.75821045,-0.935626008,3.628407346,3.628407346
6.78,0.879105225,0.476627741,1.748590144,-0.953255482,3.638407346,3.638407346
6.79,0.874295072,0.485394816,1.738794981,-0.970789631,3.648407346,3.648407346
6.8,0.86939749,0.494113351,1.728825939,-0.988226702,3.658407346,3.658407346
6.81,0.86441297,0.502782476,1.718684017,-1.005564951,3.668407346,3.668407346
6.82,0.859342008,0.511401322,1.708370227,-1.022802645,3.678407346,3.678407346
6.83,0.854185114,0.519969029,1.697885602,-1.039938059,3.688407346,3.688407346
6.84,0.848942801,0.52848474,1.68723119,-1.05696948,3.698407346,3.698407346
6.85,0.843615595,0.536947602,1.676408056,-1.073895205,3.708407346,3.708407346
6.86,0.838204028,0.545356771,1.665417283,-1.090713541,3.718407346,3.718407346
6.87,0.832708641,0.553711404,1.654259969,-1.107422807,3.728407346,3.728407346
6.88,0.827129985,0.562010666,1.642937231,-1.124021332,3.738407346,3.738407346
6.89,0.821468615,0.570253728,1.6314502,-1.140507455,3.748407346,3.748407346
6.9,0.8157251,0.578439764,1.619800026,-1.156879529,3.758407346,3.758407346
6.91,0.809900013,0.586567958,1.607987873,-1.173135915,3.768407346,3.768407346
6.92,0.803993936,0.594637495,1.596014923,-1.189274989,3.778407346,3.778407346
6.93,0.798007461,0.602647568,1.583882372,-1.205295137,3.788407346,3.788407346
6.94,0.791941186,0.610597378,1.571591435,-1.221194756,3.798407346,3.798407346
6.95,0.785795717,0.618486128,1.559143339,-1.236972256,3.808407346,3.808407346
6.96,0.77957167,0.62631303,1.546539331,-1.252626061,3.818407346,3.818407346
6.97,0.773269665,0.634077302,1.53378067,-1.268154603,3.828407346,3.828407346
6.98,0.766890335,0.641778166,1.520868632,-1.283556332,3.838407346,3.838407346
6.99,0.760434316,0.649414853,1.507804509,-1.298829706,3.848407346,3.848407346
7,0.753902254,0.656986599,1.494589606,-1.313973197,3.858407346,3.858407346
7.01,0.747294803,0.664492647,1.481225246,-1.328985293,3.868407346,3.868407346
7.02,0.740612623,0.671932246,1.467712764,-1.343864491,3.878407346,3.878407346
7.03,0.733856382,0.679304652,1.454053513,-1.358609304,3.888407346,3.888407346
7.04,0.727026756,0.686609129,1.440248857,-1.373218257,3.898407346,3.898407346
7.05,0.720124428,0.693844945,1.426300177,-1.38768989,3.908407346,3.908407346
7.06,0.713150089,0.701011377,1.412208869,-1.402022754,3.918407346,3.918407346
7.07,0.706104435,0.708107709,1.397976341,-1.416215418,3.928407346,3.928407346
7.08,0.698988171,0.715133231,1.383604017,-1.430266461,3.938407346,3.938407346
7.09,0.691802008,0.722087239,1.369093333,-1.444174479,3.948407346,3.948407346
7.1,0.684546666,0.72896904,1.354445741,-1.45793808,3.958407346,3.958407346
7.11,0.67722287,0.735777945,1.339662706,-1.471555889,3.968407346,3.968407346
7.12,0.669831353,0.742513272,1.324745705,-1.485026544,3.978407346,3.978407346
7.13,0.662372853,0.749174348,1.309696231,-1.498348697,3.988407346,3.988407346
7.14,0.654848116,0.755760508,1.294515789,-1.511521016,3.998407346,3.998407346
7.15,0.647257894,0.762271092,1.279205896,-1.524542185,4.008407346,4.008407346
7.16,0.639602948,0.76870545,1.263768083,-1.5374109,4.018407346,4.018407346
7.17,0.631884042,0.775062938,1.248203895,-1.550125876,4.028407346,4.028407346
7.18,0.624101947,0.78134292,1.232514887,-1.562685841,4.038407346,4.038407346
7.19,0.616257444,0.787544769,1.216702629,-1.575089538,4.048407346,4.048407346
7.2,0.608351315,0.793667864,1.200768702,-1.587335728,4.058407346,4.058407346
7.21,0.600384351,0.799711593,1.184714699,-1.599423185,4.068407346,4.068407346
7.22,0.592357349,0.805675351,1.168542225,-1.611350701,4.078407346,4.078407346
7.23,0.584271112,0.811558542,1.152252898,-1.623117084,4.088407346,4.088407346
7.24,0.576126449,0.817360578,1.135848347,-1.634721156,4.098407346,4.098407346
7.25,0.567924173,0.823080879,1.119330211,-1.646161758,4.108407346,4.108407346
7.26,0.559665106,0.828718872,1.102700144,-1.657437745,4.118407346,4.118407346
7.27,0.551350072,0.834273995,1.085959808,-1.668547989,4.128407346,4.128407346
7.28,0.542979904,0.83974569,1.069110876,-1.67949138,4.138407346,4.138407346
7.29,0.534555438,0.845133412,1.052155035,-1.690266823,4.148407346,4.148407346
7.3,0.526077517,0.850436621,1.035093979,-1.700873241,4.158407346,4.158407346
7.31,0.517546989,0.855654787,1.017929414,-1.711309573,4.168407346,4.168407346
7.32,0.508964707,0.860787388,1.000663057,-1.721574776,4.178407346,4.178407346
7.33,0.500331528,0.865833911,0.983296635,-1.731667822,4.188407346,4.188407346
7.34,0.491648317,0.870793852,0.965831883,-1.741587703,4.198407346,4.198407346
7.35,0.482915942,0.875666714,0.94827055,-1.751333427,4.208407346,4.208407346
7.36,0.474135275,0.88045201,0.93061439,-1.760904019,4.218407346,4.218407346
7.37,0.465307195,0.885149261,0.912865169,-1.770298522,4.228407346,4.228407346
7.38,0.456432585,0.889757998,0.895024663,-1.779515997,4.238407346,4.238407346
7.39,0.447512332,0.894277761,0.877094655,-1.788555521,4.248407346,4.248407346
7.4,0.438547328,0.898708096,0.859076938,-1.797416192,4.258407346,4.258407346
7.41,0.429538469,0.903048561,0.840973315,-1.806097122,4.268407346,4.268407346
7.42,0.420486657,0.907298722,0.822785594,-1.814597444,4.278407346,4.278407346
7.43,0.411392797,0.911458154,0.804515596,-1.822916308,4.288407346,4.288407346
7.44,0.402257798,0.915526441,0.786165147,-1.831052882,4.298407346,4.298407346
7.45,0.393082574,0.919503176,0.767736082,-1.839006352,4.308407346,4.308407346
7.46,0.383868041,0.923387961,0.749230244,-1.846775923,4.318407346,4.318407346
7.47,0.374615122,0.927180409,0.730649484,-1.854360817,4.328407346,4.328407346
7.48,0.365324742,0.930880139,0.711995659,-1.861760278,4.338407346,4.338407346
7.49,0.35599783,0.934486782,0.693270636,-1.868973564,4.348407346,4.348407346
7.5,0.346635318,0.937999977,0.674476286,-1.875999954,4.358407346,4.358407346
7.51,0.337238143,0.941419373,0.655614488,-1.882838745,4.368407346,4.368407346
7.52,0.327807244,0.944744627,0.63668713,-1.889489254,4.378407346,4.378407346
7.53,0.318343565,0.947975408,0.617696104,-1.895950816,4.388407346,4.388407346
7.54,0.308848052,0.951111392,0.598643309,-1.902222785,4.398407346,4.398407346
7.55,0.299321654,0.954152266,0.579530649,-1.908304533,4.408407346,4.408407346
7.56,0.289765325,0.957097726,0.560360038,-1.914195451,4.418407346,4.418407346
7.57,0.280180019,0.959947476,0.54113339,-1.919894952,4.428407346,4.428407346
7.58,0.270566695,0.962701233,0.52185263,-1.925402465,4.438407346,4.438407346
7.59,0.260926315,0.96535872,0.502519685,-1.93071744,4.448407346,4.448407346
7.6,0.251259843,0.967919672,0.483136489,-1.935839344,4.458407346,4.458407346
7.61,0.241568244,0.970383833,0.463704979,-1.940767666,4.468407346,4.468407346
7.62,0.231852489,0.972750956,0.444227099,-1.945501913,4.478407346,4.478407346
7.63,0.222113549,0.975020806,0.424704797,-1.950041611,4.488407346,4.488407346
7.64,0.212352398,0.977193153,0.405140024,-1.954386307,4.498407346,4.498407346
7.65,0.202570012,0.979267783,0.385534738,-1.958535565,4.508407346,4.508407346
7.66,0.192767369,0.981244486,0.365890899,-1.962488972,4.518407346,4.518407346
7.67,0.182945449,0.983123066,0.346210471,-1.966246132,4.528407346,4.528407346
7.68,0.173105235,0.984903334,0.326495422,-1.969806668,4.538407346,4.538407346
7.69,0.163247711,0.986585113,2,-1.973170226,4.548407346,4.548407346
